{
    "Name": "DamageChat",
    "Description": "Post damage dealt to chat.",
    "EntryPoint": "main.cs",
    "Author": "Ricochet",
    "Version": "1.3.0",
    "Dependencies": [],
    "Update": {
        "UpdateUrl": "https://raw.githubusercontent.com/ricochhet/HunterPie.DamageChat/master/binaries/",
        "MinimumVersion": "1.0.3.97",
        "FileHashes": {
            "config.json": "InstallOnly",
            "DamageChat.dll": "12d02aef8c1550df8cf67ea0b7721d99cf6655fa5d6b8601192d48dc6e5dc2fe"
        }
    }
}