{
    "Name": "DamageChat",
    "Description": "Post damage dealt to chat.",
    "EntryPoint": "main.cs",
    "Author": "Ricochet",
    "Version": "1.3.0",
    "Dependencies": [],
    "Update": {
        "UpdateUrl": "https://raw.githubusercontent.com/ricochhet/HunterPie.DamageChat/master/binaries/",
        "MinimumVersion": "1.0.3.97",
        "FileHashes": {
            "config.json": "InstallOnly",
            "DamageChat.dll": "8be5875d968ac480c1cf139f3e5dd8eccc86f3e78d0ba241806b075bb17fcef7"
        }
    }
}