{
    "Name": "DamageChat",
    "Description": "Post damage dealt to chat.",
    "EntryPoint": "main.cs",
    "Author": "Ricochet",
    "Version": "1.3.0",
    "Dependencies": [],
    "Update": {
        "UpdateUrl": "https://raw.githubusercontent.com/ricochhet/HunterPie.DamageChat/master/binaries/",
        "MinimumVersion": "1.0.3.97",
        "FileHashes": {
            "config.json": "e82cf7a94820a0aac334a6b6e44b71229c71875e95b90f2872ed99cad607dd29",
            "DamageChat.dll": "7204a6d364a79665d40fc8e1dcc9333cc53c7a8f44fc9fa7a70e8ca9b768786e"
        }
    }
}